2.812500000000000000e-01,5.937500000000000000e-01,5.943989753723144531e-02
1.250000000000000000e-01,1.562500000000000000e-01,3.532210588455200195e-01
3.750000000000000000e-01,6.250000000000000000e-02,1.241357326507568359e-01
4.375000000000000000e-01,4.687500000000000000e-01,-1.130118966102600098e-01
7.187500000000000000e-01,3.125000000000000000e-02,2.744289636611938477e-01
8.437500000000000000e-01,9.375000000000000000e-02,5.807894468307495117e-02
2.187500000000000000e-01,7.187500000000000000e-01,9.445744752883911133e-02
8.750000000000000000e-01,1.000000000000000000e+00,-4.292053580284118652e-01
1.875000000000000000e-01,1.875000000000000000e-01,2.306284904479980469e-01
6.562500000000000000e-01,8.437500000000000000e-01,-6.886076927185058594e-02
7.500000000000000000e-01,8.125000000000000000e-01,-1.290196180343627930e-01
3.750000000000000000e-01,1.000000000000000000e+00,-3.439837098121643066e-01
8.750000000000000000e-01,7.812500000000000000e-01,-2.644498944282531738e-01
4.062500000000000000e-01,2.187500000000000000e-01,-2.973973751068115234e-02
2.500000000000000000e-01,5.312500000000000000e-01,5.378925800323486328e-02
5.312500000000000000e-01,9.375000000000000000e-02,2.529710531234741211e-01
0.000000000000000000e+00,1.875000000000000000e-01,3.679088354110717773e-01
7.187500000000000000e-01,6.250000000000000000e-02,2.679148912429809570e-01
9.062500000000000000e-01,8.750000000000000000e-01,-4.173586964607238770e-01
7.187500000000000000e-01,9.375000000000000000e-01,-1.989684700965881348e-01
1.250000000000000000e-01,5.625000000000000000e-01,2.730048894882202148e-01
9.375000000000000000e-02,8.437500000000000000e-01,6.545770168304443359e-02
7.187500000000000000e-01,1.250000000000000000e-01,2.271845340728759766e-01
1.250000000000000000e-01,1.875000000000000000e-01,3.102735280990600586e-01
3.437500000000000000e-01,8.437500000000000000e-01,-2.536658048629760742e-01
1.000000000000000000e+00,8.125000000000000000e-01,-3.785870075225830078e-01
8.125000000000000000e-01,7.500000000000000000e-01,-1.310541033744812012e-01
4.375000000000000000e-01,2.187500000000000000e-01,-7.034599781036376953e-03
3.750000000000000000e-01,9.375000000000000000e-02,1.097133159637451172e-01
8.437500000000000000e-01,5.000000000000000000e-01,-1.581830978393554688e-01
6.875000000000000000e-01,1.000000000000000000e+00,-1.690843701362609863e-01
2.500000000000000000e-01,2.500000000000000000e-01,3.047770261764526367e-02
9.375000000000000000e-02,4.375000000000000000e-01,1.528844237327575684e-01
6.250000000000000000e-01,5.312500000000000000e-01,1.340010762214660645e-01
3.125000000000000000e-02,4.062500000000000000e-01,1.556909680366516113e-01
4.687500000000000000e-01,3.437500000000000000e-01,-1.318601369857788086e-01
8.125000000000000000e-01,5.625000000000000000e-01,-4.077613353729248047e-02
4.687500000000000000e-01,6.250000000000000000e-02,1.877084970474243164e-01
5.625000000000000000e-01,5.000000000000000000e-01,6.549423933029174805e-02
3.125000000000000000e-01,7.500000000000000000e-01,-8.821487426757812500e-02
3.750000000000000000e-01,3.125000000000000000e-02,1.302257776260375977e-01
9.375000000000000000e-02,9.375000000000000000e-02,4.382809400558471680e-01
1.562500000000000000e-01,1.000000000000000000e+00,-8.078885078430175781e-02
2.187500000000000000e-01,9.375000000000000000e-02,2.825139760971069336e-01
6.875000000000000000e-01,9.687500000000000000e-01,-1.699120998382568359e-01
7.812500000000000000e-01,5.000000000000000000e-01,-6.675803661346435547e-02
6.875000000000000000e-01,3.125000000000000000e-02,3.118852376937866211e-01
0.000000000000000000e+00,0.000000000000000000e+00,4.919493198394775391e-01
0.000000000000000000e+00,6.562500000000000000e-01,3.520867824554443359e-01
8.750000000000000000e-01,5.312500000000000000e-01,-1.540701389312744141e-01
4.687500000000000000e-01,8.125000000000000000e-01,-1.534734368324279785e-01
9.062500000000000000e-01,5.000000000000000000e-01,-2.218222618103027344e-01
6.250000000000000000e-01,6.250000000000000000e-02,3.357332944869995117e-01
7.187500000000000000e-01,2.500000000000000000e-01,4.584729671478271484e-02
2.812500000000000000e-01,6.562500000000000000e-01,5.649912357330322266e-02
0.000000000000000000e+00,5.312500000000000000e-01,2.990446090698242188e-01
7.812500000000000000e-01,7.500000000000000000e-01,-8.123689889907836914e-02
9.375000000000000000e-01,6.250000000000000000e-02,-1.453953981399536133e-02
8.437500000000000000e-01,8.437500000000000000e-01,-3.165765404701232910e-01
8.750000000000000000e-01,1.562500000000000000e-01,-3.899222612380981445e-02
5.937500000000000000e-01,7.500000000000000000e-01,7.295376062393188477e-02
3.750000000000000000e-01,4.687500000000000000e-01,-1.436373591423034668e-01
9.375000000000000000e-01,4.375000000000000000e-01,-3.163089454174041748e-01
1.875000000000000000e-01,0.000000000000000000e+00,3.524100780487060547e-01
8.437500000000000000e-01,9.062500000000000000e-01,-3.736530542373657227e-01
7.812500000000000000e-01,5.312500000000000000e-01,-2.663868665695190430e-02
5.937500000000000000e-01,2.812500000000000000e-01,6.135994195938110352e-02
1.875000000000000000e-01,6.875000000000000000e-01,1.836432218551635742e-01
1.875000000000000000e-01,4.375000000000000000e-01,4.525554180145263672e-02
1.250000000000000000e-01,8.125000000000000000e-01,8.286118507385253906e-02
6.250000000000000000e-01,8.437500000000000000e-01,-6.209236383438110352e-02
4.375000000000000000e-01,9.687500000000000000e-01,-3.141225576400756836e-01
5.000000000000000000e-01,2.187500000000000000e-01,6.502056121826171875e-02
4.375000000000000000e-01,5.937500000000000000e-01,2.138781547546386719e-02
2.187500000000000000e-01,2.187500000000000000e-01,1.320704221725463867e-01
9.375000000000000000e-01,7.812500000000000000e-01,-3.136309981346130371e-01
9.062500000000000000e-01,6.250000000000000000e-01,-1.198279857635498047e-01
2.500000000000000000e-01,3.125000000000000000e-01,-5.404829978942871094e-02
9.062500000000000000e-01,9.687500000000000000e-01,-4.594353437423706055e-01
8.437500000000000000e-01,5.937500000000000000e-01,-6.210100650787353516e-02
6.250000000000000000e-01,9.687500000000000000e-01,-1.432847380638122559e-01
1.000000000000000000e+00,9.062500000000000000e-01,-4.777486324310302734e-01
4.687500000000000000e-01,2.812500000000000000e-01,-6.901556253433227539e-02
3.125000000000000000e-02,1.250000000000000000e-01,4.402102231979370117e-01
4.375000000000000000e-01,8.125000000000000000e-01,-1.852650642395019531e-01
4.375000000000000000e-01,7.187500000000000000e-01,-4.040879011154174805e-02
1.000000000000000000e+00,9.687500000000000000e-01,-4.965778589248657227e-01
5.312500000000000000e-01,9.062500000000000000e-01,-1.862734556198120117e-01
9.375000000000000000e-01,6.562500000000000000e-01,-1.498134136199951172e-01
8.750000000000000000e-01,6.875000000000000000e-01,-1.283865571022033691e-01
6.250000000000000000e-02,3.750000000000000000e-01,1.379087567329406738e-01
4.062500000000000000e-01,9.375000000000000000e-02,1.173046827316284180e-01
2.500000000000000000e-01,3.437500000000000000e-01,-7.902550697326660156e-02
4.687500000000000000e-01,5.625000000000000000e-01,3.144526481628417969e-02
2.187500000000000000e-01,3.125000000000000000e-02,3.032629489898681641e-01
6.250000000000000000e-01,8.125000000000000000e-01,-1.824897527694702148e-02
8.750000000000000000e-01,5.937500000000000000e-01,-9.842073917388916016e-02
9.687500000000000000e-01,4.375000000000000000e-01,-3.278834521770477295e-01
5.000000000000000000e-01,2.500000000000000000e-01,1.554328203201293945e-02
2.812500000000000000e-01,9.062500000000000000e-01,-2.550580501556396484e-01
7.812500000000000000e-01,7.812500000000000000e-01,-1.309534311294555664e-01
9.375000000000000000e-01,5.312500000000000000e-01,-2.003681659698486328e-01
3.125000000000000000e-02,0.000000000000000000e+00,4.868081808090209961e-01
6.250000000000000000e-02,9.062500000000000000e-01,2.188247442245483398e-02
3.750000000000000000e-01,5.000000000000000000e-01,-1.040832996368408203e-01
8.750000000000000000e-01,4.687500000000000000e-01,-2.347360253334045410e-01
7.812500000000000000e-01,7.187500000000000000e-01,-3.487515449523925781e-02
7.500000000000000000e-01,5.000000000000000000e-01,-1.790630817413330078e-02
9.062500000000000000e-01,9.062500000000000000e-01,-4.408693313598632812e-01
1.875000000000000000e-01,7.187500000000000000e-01,1.461527347564697266e-01
2.187500000000000000e-01,9.687500000000000000e-01,-1.773169040679931641e-01
6.562500000000000000e-01,3.125000000000000000e-01,2.136164903640747070e-02
6.875000000000000000e-01,7.187500000000000000e-01,9.673064947128295898e-02
3.750000000000000000e-01,2.500000000000000000e-01,-8.745062351226806641e-02
9.375000000000000000e-01,9.687500000000000000e-01,-4.794182777404785156e-01
4.062500000000000000e-01,1.875000000000000000e-01,1.793742179870605469e-02
9.375000000000000000e-02,6.562500000000000000e-01,3.188986778259277344e-01
5.625000000000000000e-01,7.500000000000000000e-01,5.134087800979614258e-02
8.437500000000000000e-01,4.687500000000000000e-01,-1.985213160514831543e-01
8.437500000000000000e-01,1.875000000000000000e-01,-4.498380422592163086e-02
6.250000000000000000e-02,3.437500000000000000e-01,1.461344361305236816e-01
6.250000000000000000e-02,3.125000000000000000e-02,4.768626689910888672e-01
4.062500000000000000e-01,3.437500000000000000e-01,-1.876785755157470703e-01
1.875000000000000000e-01,6.250000000000000000e-01,2.180279493331909180e-01
7.187500000000000000e-01,5.625000000000000000e-01,1.008729934692382812e-01
1.875000000000000000e-01,9.375000000000000000e-02,3.323646783828735352e-01
3.750000000000000000e-01,7.812500000000000000e-01,-1.672344207763671875e-01
3.750000000000000000e-01,6.875000000000000000e-01,-3.501015901565551758e-02
5.000000000000000000e-01,1.875000000000000000e-01,1.129459738731384277e-01
4.375000000000000000e-01,3.437500000000000000e-01,-1.648779511451721191e-01
9.375000000000000000e-02,1.562500000000000000e-01,3.792971372604370117e-01
6.250000000000000000e-02,1.250000000000000000e-01,4.306868314743041992e-01
3.750000000000000000e-01,3.750000000000000000e-01,-2.058935165405273438e-01
1.000000000000000000e+00,2.500000000000000000e-01,-2.484506368637084961e-01
3.125000000000000000e-02,9.062500000000000000e-01,3.179085254669189453e-02
5.625000000000000000e-01,2.812500000000000000e-01,3.979897499084472656e-02
3.125000000000000000e-01,2.500000000000000000e-01,-5.520558357238769531e-02
7.187500000000000000e-01,6.875000000000000000e-01,9.798169136047363281e-02
7.187500000000000000e-01,5.000000000000000000e-01,2.702701091766357422e-02
1.250000000000000000e-01,5.312500000000000000e-01,2.401605844497680664e-01
9.687500000000000000e-01,7.500000000000000000e-01,-2.752779722213745117e-01
4.375000000000000000e-01,4.062500000000000000e-01,-1.678549051284790039e-01
0.000000000000000000e+00,4.375000000000000000e-01,1.836668252944946289e-01
9.375000000000000000e-02,1.875000000000000000e-01,3.363282680511474609e-01
2.500000000000000000e-01,9.375000000000000000e-01,-2.230126857757568359e-01
4.687500000000000000e-01,5.937500000000000000e-01,5.359983444213867188e-02
6.250000000000000000e-02,7.187500000000000000e-01,2.740221023559570312e-01
2.500000000000000000e-01,2.187500000000000000e-01,8.058428764343261719e-02
4.062500000000000000e-01,5.937500000000000000e-01,-8.686780929565429688e-04
1.875000000000000000e-01,9.687500000000000000e-01,-1.262876987457275391e-01
1.250000000000000000e-01,2.187500000000000000e-01,2.616480588912963867e-01
6.875000000000000000e-01,9.375000000000000000e-02,2.897301912307739258e-01
4.375000000000000000e-01,6.250000000000000000e-01,2.887320518493652344e-02
2.500000000000000000e-01,6.250000000000000000e-01,1.137545704841613770e-01
5.000000000000000000e-01,0.000000000000000000e+00,2.333461046218872070e-01
6.250000000000000000e-02,5.625000000000000000e-01,3.174741268157958984e-01
2.500000000000000000e-01,1.875000000000000000e-01,1.292090415954589844e-01
5.937500000000000000e-01,4.687500000000000000e-01,4.786026477813720703e-02
2.500000000000000000e-01,3.750000000000000000e-01,-8.818972110748291016e-02
5.312500000000000000e-01,4.062500000000000000e-01,-5.944097042083740234e-02
5.000000000000000000e-01,9.375000000000000000e-02,2.130513191223144531e-01
1.000000000000000000e+00,7.187500000000000000e-01,-2.332535386085510254e-01
8.125000000000000000e-01,9.375000000000000000e-01,-3.419375419616699219e-01
1.875000000000000000e-01,6.250000000000000000e-02,3.470040559768676758e-01
3.750000000000000000e-01,1.250000000000000000e-01,8.572423458099365234e-02
3.125000000000000000e-02,4.375000000000000000e-01,1.792243123054504395e-01
1.562500000000000000e-01,6.875000000000000000e-01,2.296994924545288086e-01
8.125000000000000000e-01,1.250000000000000000e-01,7.926434278488159180e-02
5.937500000000000000e-01,7.187500000000000000e-01,1.190958023071289062e-01
9.687500000000000000e-01,3.125000000000000000e-01,-3.277690410614013672e-01
2.187500000000000000e-01,9.062500000000000000e-01,-1.559550762176513672e-01
4.687500000000000000e-01,9.375000000000000000e-02,1.733962297439575195e-01
4.687500000000000000e-01,7.187500000000000000e-01,-8.306503295898437500e-03
1.000000000000000000e+00,1.875000000000000000e-01,-1.474199891090393066e-01
3.750000000000000000e-01,3.125000000000000000e-01,-1.712788343429565430e-01
1.562500000000000000e-01,1.250000000000000000e-01,3.519898653030395508e-01
1.250000000000000000e-01,9.687500000000000000e-01,-4.434490203857421875e-02
5.937500000000000000e-01,2.187500000000000000e-01,1.587251424789428711e-01
4.375000000000000000e-01,0.000000000000000000e+00,1.595350503921508789e-01
6.250000000000000000e-02,4.375000000000000000e-01,1.698584556579589844e-01
0.000000000000000000e+00,7.500000000000000000e-01,2.416528463363647461e-01
9.375000000000000000e-02,8.125000000000000000e-01,1.096572875976562500e-01
9.062500000000000000e-01,1.000000000000000000e+00,-4.584373831748962402e-01
2.187500000000000000e-01,6.250000000000000000e-02,2.971832752227783203e-01
1.562500000000000000e-01,1.562500000000000000e-01,3.176320791244506836e-01
6.562500000000000000e-01,8.750000000000000000e-01,-1.038427948951721191e-01
3.125000000000000000e-02,5.312500000000000000e-01,2.941244840621948242e-01
5.937500000000000000e-01,9.375000000000000000e-02,3.110871315002441406e-01
1.250000000000000000e-01,7.187500000000000000e-01,2.293373346328735352e-01
5.000000000000000000e-01,5.312500000000000000e-01,3.557628393173217773e-02
2.187500000000000000e-01,5.000000000000000000e-01,6.747555732727050781e-02
6.562500000000000000e-01,7.187500000000000000e-01,1.196579337120056152e-01
1.875000000000000000e-01,1.250000000000000000e-01,3.079218864440917969e-01
3.125000000000000000e-01,6.562500000000000000e-01,1.913571357727050781e-02
1.250000000000000000e-01,0.000000000000000000e+00,4.327507019042968750e-01
7.812500000000000000e-01,9.062500000000000000e-01,-2.788852453231811523e-01
6.562500000000000000e-01,3.750000000000000000e-01,-1.417273283004760742e-02
3.437500000000000000e-01,3.437500000000000000e-01,-1.887184381484985352e-01
8.125000000000000000e-01,8.437500000000000000e-01,-2.711617946624755859e-01
6.875000000000000000e-01,4.062500000000000000e-01,-3.155356645584106445e-02
0.000000000000000000e+00,8.437500000000000000e-01,9.728991985321044922e-02
5.625000000000000000e-01,6.562500000000000000e-01,1.588202118873596191e-01
5.000000000000000000e-01,8.125000000000000000e-01,-1.166606545448303223e-01
1.562500000000000000e-01,5.000000000000000000e-01,1.642817258834838867e-01
6.875000000000000000e-01,6.250000000000000000e-02,3.051885366439819336e-01
4.375000000000000000e-01,7.812500000000000000e-01,-1.359887719154357910e-01
4.375000000000000000e-01,3.125000000000000000e-01,-1.397961378097534180e-01
5.937500000000000000e-01,8.750000000000000000e-01,-1.063463091850280762e-01
2.500000000000000000e-01,5.000000000000000000e-01,1.476657390594482422e-02
3.437500000000000000e-01,6.875000000000000000e-01,-2.821040153503417969e-02
2.500000000000000000e-01,4.375000000000000000e-01,-5.835163593292236328e-02
9.375000000000000000e-01,3.125000000000000000e-02,-9.120464324951171875e-03
5.312500000000000000e-01,8.125000000000000000e-01,-7.990819215774536133e-02
0.000000000000000000e+00,1.250000000000000000e-01,4.450858831405639648e-01
5.312500000000000000e-01,5.000000000000000000e-01,3.368031978607177734e-02
9.375000000000000000e-02,9.687500000000000000e-01,-1.768702268600463867e-02
4.062500000000000000e-01,5.625000000000000000e-01,-2.296072244644165039e-02
6.562500000000000000e-01,9.687500000000000000e-01,-1.488967537879943848e-01
5.312500000000000000e-01,1.000000000000000000e+00,-2.082007527351379395e-01
5.625000000000000000e-01,7.812500000000000000e-01,1.112401485443115234e-03
9.687500000000000000e-01,1.000000000000000000e+00,-4.902671575546264648e-01
7.812500000000000000e-01,5.625000000000000000e-01,7.297754287719726562e-03
2.812500000000000000e-01,9.687500000000000000e-01,-2.763508260250091553e-01
0.000000000000000000e+00,5.625000000000000000e-01,3.325973749160766602e-01
3.125000000000000000e-01,3.750000000000000000e-01,-1.741763353347778320e-01
1.250000000000000000e-01,9.375000000000000000e-02,4.121124744415283203e-01
1.562500000000000000e-01,5.312500000000000000e-01,2.035077214241027832e-01
8.750000000000000000e-01,6.250000000000000000e-01,-9.190875291824340820e-02
7.500000000000000000e-01,9.062500000000000000e-01,-2.294499278068542480e-01
3.125000000000000000e-02,1.000000000000000000e+00,8.715748786926269531e-03
5.625000000000000000e-01,1.000000000000000000e+00,-1.755913496017456055e-01
0.000000000000000000e+00,2.187500000000000000e-01,3.192582130432128906e-01
8.750000000000000000e-01,6.250000000000000000e-02,3.402811288833618164e-02
3.125000000000000000e-01,5.312500000000000000e-01,-3.270339965820312500e-02
5.000000000000000000e-01,7.500000000000000000e-01,-1.709181070327758789e-02
6.562500000000000000e-01,9.375000000000000000e-02,3.131190538406372070e-01
2.812500000000000000e-01,3.437500000000000000e-01,-1.267198920249938965e-01
1.250000000000000000e-01,4.062500000000000000e-01,1.033197641372680664e-01
1.562500000000000000e-01,4.375000000000000000e-01,9.034705162048339844e-02
7.812500000000000000e-01,2.500000000000000000e-01,-5.088305473327636719e-02
8.125000000000000000e-01,0.000000000000000000e+00,1.233687996864318848e-01
4.062500000000000000e-01,7.187500000000000000e-01,-6.281822919845581055e-02
1.000000000000000000e+00,5.000000000000000000e-01,-2.572562694549560547e-01
3.125000000000000000e-01,4.375000000000000000e-01,-1.449503898620605469e-01
6.875000000000000000e-01,3.125000000000000000e-01,-2.940714359283447266e-03
0.000000000000000000e+00,7.187500000000000000e-01,2.887097597122192383e-01
1.875000000000000000e-01,8.750000000000000000e-01,-7.937526702880859375e-02
0.000000000000000000e+00,3.125000000000000000e-01,1.845307350158691406e-01
6.875000000000000000e-01,9.062500000000000000e-01,-1.500813961029052734e-01
8.125000000000000000e-01,5.000000000000000000e-01,-1.148062944412231445e-01
1.000000000000000000e+00,3.750000000000000000e-01,-3.660961985588073730e-01
8.437500000000000000e-01,8.750000000000000000e-01,-3.501409888267517090e-01
9.687500000000000000e-01,5.937500000000000000e-01,-1.560265421867370605e-01
9.375000000000000000e-02,9.062500000000000000e-01,4.418551921844482422e-03
2.187500000000000000e-01,6.250000000000000000e-01,1.663554906845092773e-01
8.125000000000000000e-01,3.125000000000000000e-02,1.242443323135375977e-01
3.125000000000000000e-01,2.812500000000000000e-01,-1.016451120376586914e-01
8.125000000000000000e-01,8.750000000000000000e-01,-3.047927618026733398e-01
9.062500000000000000e-01,6.875000000000000000e-01,-1.569955348968505859e-01
8.750000000000000000e-01,3.125000000000000000e-01,-2.676118314266204834e-01
2.500000000000000000e-01,2.812500000000000000e-01,-1.609796285629272461e-02
4.687500000000000000e-01,9.062500000000000000e-01,-2.600756883621215820e-01
4.687500000000000000e-01,4.062500000000000000e-01,-1.350659132003784180e-01
4.375000000000000000e-01,8.750000000000000000e-01,-2.656824290752410889e-01
4.375000000000000000e-01,6.250000000000000000e-02,1.540320515632629395e-01
7.500000000000000000e-01,7.187500000000000000e-01,1.508933305740356445e-02
3.125000000000000000e-01,5.625000000000000000e-01,1.646280288696289062e-04
9.375000000000000000e-01,6.250000000000000000e-01,-1.389117240905761719e-01
3.437500000000000000e-01,5.000000000000000000e-01,-9.616774320602416992e-02
3.750000000000000000e-01,1.875000000000000000e-01,9.834051132202148438e-03
2.187500000000000000e-01,8.437500000000000000e-01,-9.511554241180419922e-02
5.312500000000000000e-01,4.687500000000000000e-01,-5.378484725952148438e-03
1.000000000000000000e+00,5.937500000000000000e-01,-1.610516905784606934e-01
7.500000000000000000e-01,3.750000000000000000e-01,-1.210451126098632812e-01
9.375000000000000000e-02,6.250000000000000000e-01,3.282392024993896484e-01
5.312500000000000000e-01,2.812500000000000000e-01,7.530987262725830078e-03
9.375000000000000000e-02,7.500000000000000000e-01,2.098690867424011230e-01
9.375000000000000000e-02,4.062500000000000000e-01,1.295166015625000000e-01
5.937500000000000000e-01,8.125000000000000000e-01,-2.658069133758544922e-02
6.250000000000000000e-02,6.562500000000000000e-01,3.367094993591308594e-01
5.000000000000000000e-01,5.937500000000000000e-01,9.098201990127563477e-02
3.125000000000000000e-01,1.000000000000000000e+00,-3.131572604179382324e-01
9.375000000000000000e-01,1.000000000000000000e+00,-4.784851670265197754e-01
3.437500000000000000e-01,6.250000000000000000e-02,1.334186196327209473e-01
4.687500000000000000e-01,8.750000000000000000e-01,-2.340482473373413086e-01
3.750000000000000000e-01,1.562500000000000000e-01,5.201208591461181641e-02
4.062500000000000000e-01,8.125000000000000000e-01,-2.074368000030517578e-01
9.687500000000000000e-01,7.187500000000000000e-01,-2.278024554252624512e-01
8.750000000000000000e-01,5.625000000000000000e-01,-1.203454732894897461e-01
8.750000000000000000e-01,0.000000000000000000e+00,3.852027654647827148e-02
8.125000000000000000e-01,4.062500000000000000e-01,-2.118548154830932617e-01
9.375000000000000000e-01,7.500000000000000000e-01,-2.635178565979003906e-01
2.187500000000000000e-01,1.875000000000000000e-01,1.807094812393188477e-01
5.625000000000000000e-01,5.937500000000000000e-01,1.600926518440246582e-01
7.500000000000000000e-01,7.500000000000000000e-01,-3.110325336456298828e-02
4.062500000000000000e-01,3.750000000000000000e-01,-1.972614526748657227e-01
6.875000000000000000e-01,8.125000000000000000e-01,-4.785341024398803711e-02
8.437500000000000000e-01,3.750000000000000000e-01,-2.636719942092895508e-01
7.187500000000000000e-01,8.750000000000000000e-01,-1.607989072799682617e-01
4.062500000000000000e-01,0.000000000000000000e+00,1.371716856956481934e-01
3.125000000000000000e-02,3.437500000000000000e-01,1.554450988769531250e-01
6.250000000000000000e-02,6.250000000000000000e-02,4.702721834182739258e-01
3.125000000000000000e-02,3.125000000000000000e-02,4.865810871124267578e-01
9.375000000000000000e-01,2.812500000000000000e-01,-2.781583368778228760e-01
4.687500000000000000e-01,7.812500000000000000e-01,-1.040939688682556152e-01
5.000000000000000000e-01,1.562500000000000000e-01,1.552062034606933594e-01
8.437500000000000000e-01,9.375000000000000000e-01,-3.871814012527465820e-01
3.750000000000000000e-01,7.187500000000000000e-01,-7.182300090789794922e-02
6.250000000000000000e-02,5.000000000000000000e-01,2.446175813674926758e-01
8.437500000000000000e-01,6.562500000000000000e-01,-6.521898508071899414e-02
9.375000000000000000e-01,6.875000000000000000e-01,-1.766192913055419922e-01
7.187500000000000000e-01,1.000000000000000000e+00,-2.034382820129394531e-01
1.562500000000000000e-01,8.750000000000000000e-01,-3.377008438110351562e-02
6.562500000000000000e-01,2.812500000000000000e-01,5.995452404022216797e-02
8.750000000000000000e-01,8.125000000000000000e-01,-3.125069737434387207e-01
9.375000000000000000e-01,8.437500000000000000e-01,-4.037389159202575684e-01
1.562500000000000000e-01,7.812500000000000000e-01,9.547215700149536133e-02
2.812500000000000000e-01,2.187500000000000000e-01,3.295266628265380859e-02
8.437500000000000000e-01,7.187500000000000000e-01,-1.295707821846008301e-01
2.812500000000000000e-01,0.000000000000000000e+00,2.037502527236938477e-01
9.062500000000000000e-01,4.375000000000000000e-01,-2.970573008060455322e-01
4.687500000000000000e-01,3.125000000000000000e-02,1.937140226364135742e-01
1.875000000000000000e-01,9.375000000000000000e-01,-1.199322342872619629e-01
5.937500000000000000e-01,2.500000000000000000e-01,1.082600355148315430e-01
5.312500000000000000e-01,4.375000000000000000e-01,-3.814840316772460938e-02
3.125000000000000000e-01,7.812500000000000000e-01,-1.380549669265747070e-01
6.250000000000000000e-02,4.687500000000000000e-01,2.044138908386230469e-01
1.875000000000000000e-01,5.937500000000000000e-01,2.116360068321228027e-01
8.437500000000000000e-01,3.125000000000000000e-01,-2.303911447525024414e-01
1.875000000000000000e-01,1.000000000000000000e+00,-1.260230541229248047e-01
6.875000000000000000e-01,2.500000000000000000e-01,8.314466476440429688e-02
6.562500000000000000e-01,2.500000000000000000e-01,1.072980165481567383e-01
3.125000000000000000e-02,3.750000000000000000e-01,1.471868157386779785e-01
3.750000000000000000e-01,9.375000000000000000e-01,-3.374078869819641113e-01
1.562500000000000000e-01,6.250000000000000000e-01,2.639514207839965820e-01
6.250000000000000000e-02,5.312500000000000000e-01,2.842972278594970703e-01
9.375000000000000000e-01,8.750000000000000000e-01,-4.372705817222595215e-01
3.750000000000000000e-01,4.375000000000000000e-01,-1.770475506782531738e-01
8.125000000000000000e-01,6.250000000000000000e-01,-1.136147975921630859e-02
3.437500000000000000e-01,5.312500000000000000e-01,-5.679196119308471680e-02
4.062500000000000000e-01,9.687500000000000000e-01,-3.357828855514526367e-01
9.687500000000000000e-01,9.062500000000000000e-01,-4.724199175834655762e-01
3.125000000000000000e-01,3.125000000000000000e-01,-1.395990848541259766e-01
1.875000000000000000e-01,5.312500000000000000e-01,1.579735279083251953e-01
8.750000000000000000e-01,8.437500000000000000e-01,-3.546733260154724121e-01
9.375000000000000000e-02,3.750000000000000000e-01,1.210936307907104492e-01
1.250000000000000000e-01,9.062500000000000000e-01,-2.242243289947509766e-02
6.562500000000000000e-01,3.437500000000000000e-01,-4.257798194885253906e-03
8.125000000000000000e-01,9.375000000000000000e-02,1.039679646492004395e-01
1.875000000000000000e-01,2.500000000000000000e-01,1.319447159767150879e-01
2.812500000000000000e-01,6.250000000000000000e-02,1.978871822357177734e-01
6.562500000000000000e-01,0.000000000000000000e+00,3.354167938232421875e-01
7.812500000000000000e-01,3.437500000000000000e-01,-1.615519523620605469e-01
5.937500000000000000e-01,1.000000000000000000e+00,-1.525212526321411133e-01
4.375000000000000000e-01,5.625000000000000000e-01,-7.683634757995605469e-04
6.875000000000000000e-01,2.812500000000000000e-01,3.568345308303833008e-02
9.062500000000000000e-01,4.062500000000000000e-01,-3.204086422920227051e-01
2.187500000000000000e-01,2.500000000000000000e-01,8.196759223937988281e-02
8.437500000000000000e-01,1.250000000000000000e-01,3.362774848937988281e-02
4.375000000000000000e-01,6.875000000000000000e-01,-3.637790679931640625e-03
5.625000000000000000e-01,1.562500000000000000e-01,2.281826734542846680e-01
2.812500000000000000e-01,1.000000000000000000e+00,-2.759771645069122314e-01
4.687500000000000000e-01,4.687500000000000000e-01,-8.053863048553466797e-02
6.250000000000000000e-01,1.875000000000000000e-01,2.160321474075317383e-01
6.250000000000000000e-01,2.187500000000000000e-01,1.665992736816406250e-01
2.187500000000000000e-01,8.750000000000000000e-01,-1.306312084197998047e-01
1.875000000000000000e-01,5.000000000000000000e-01,1.188722848892211914e-01
6.250000000000000000e-01,3.437500000000000000e-01,4.537224769592285156e-03
2.812500000000000000e-01,9.375000000000000000e-01,-2.701396942138671875e-01
4.062500000000000000e-01,3.125000000000000000e-01,-1.626194715499877930e-01
6.250000000000000000e-01,0.000000000000000000e+00,3.425914049148559570e-01
3.125000000000000000e-01,3.125000000000000000e-02,1.651854515075683594e-01
0.000000000000000000e+00,2.812500000000000000e-01,2.223675251007080078e-01
6.250000000000000000e-02,0.000000000000000000e+00,4.769139289855957031e-01
1.875000000000000000e-01,1.562500000000000000e-01,2.735635042190551758e-01
1.250000000000000000e-01,3.437500000000000000e-01,1.033442020416259766e-01
8.437500000000000000e-01,7.500000000000000000e-01,-1.764206886291503906e-01
1.250000000000000000e-01,2.500000000000000000e-01,2.115976810455322266e-01
7.500000000000000000e-01,3.437500000000000000e-01,-1.116496324539184570e-01
7.812500000000000000e-01,1.875000000000000000e-01,5.021899938583374023e-02
9.062500000000000000e-01,5.625000000000000000e-01,-1.478632092475891113e-01
0.000000000000000000e+00,8.750000000000000000e-01,6.204116344451904297e-02
3.437500000000000000e-01,5.937500000000000000e-01,-1.986086368560791016e-03
9.375000000000000000e-02,3.125000000000000000e-02,4.595888853073120117e-01
9.062500000000000000e-01,2.812500000000000000e-01,-2.584289610385894775e-01
0.000000000000000000e+00,9.375000000000000000e-01,2.132594585418701172e-02
5.937500000000000000e-01,5.312500000000000000e-01,1.262646913528442383e-01
1.875000000000000000e-01,3.750000000000000000e-01,1.448845863342285156e-02
5.312500000000000000e-01,3.125000000000000000e-02,2.740173339843750000e-01
4.062500000000000000e-01,8.437500000000000000e-01,-2.516504526138305664e-01
2.187500000000000000e-01,6.562500000000000000e-01,1.567264795303344727e-01
7.500000000000000000e-01,1.000000000000000000e+00,-2.475339770317077637e-01
2.500000000000000000e-01,4.687500000000000000e-01,-2.469265460968017578e-02
1.875000000000000000e-01,4.062500000000000000e-01,2.239692211151123047e-02
1.562500000000000000e-01,2.500000000000000000e-01,1.760522127151489258e-01
5.000000000000000000e-01,9.687500000000000000e-01,-2.455810904502868652e-01
5.625000000000000000e-01,9.062500000000000000e-01,-1.542203426361083984e-01
3.437500000000000000e-01,9.062500000000000000e-01,-3.148831129074096680e-01
4.687500000000000000e-01,8.437500000000000000e-01,-1.978942155838012695e-01
8.125000000000000000e-01,7.187500000000000000e-01,-8.446174860000610352e-02
3.125000000000000000e-01,5.000000000000000000e-01,-7.193928956985473633e-02
8.750000000000000000e-01,9.375000000000000000e-02,1.993352174758911133e-02
5.625000000000000000e-01,3.437500000000000000e-01,-2.385962009429931641e-02
3.125000000000000000e-01,4.687500000000000000e-01,-1.114380955696105957e-01
1.562500000000000000e-01,9.687500000000000000e-01,-8.092904090881347656e-02
4.687500000000000000e-01,3.750000000000000000e-01,-1.416132450103759766e-01
6.250000000000000000e-02,8.125000000000000000e-01,1.269502639770507812e-01
1.250000000000000000e-01,9.375000000000000000e-01,-3.775048255920410156e-02
3.437500000000000000e-01,7.812500000000000000e-01,-1.606324315071105957e-01
1.250000000000000000e-01,3.125000000000000000e-01,1.276762485504150391e-01
6.250000000000000000e-02,2.500000000000000000e-01,2.545024156570434570e-01
8.437500000000000000e-01,2.500000000000000000e-01,-1.454865932464599609e-01
7.500000000000000000e-01,5.312500000000000000e-01,2.214813232421875000e-02
7.812500000000000000e-01,6.875000000000000000e-01,2.994060516357421875e-03
2.500000000000000000e-01,1.562500000000000000e-01,1.721494197845458984e-01
8.125000000000000000e-01,3.437500000000000000e-01,-2.106343507766723633e-01
7.500000000000000000e-01,9.687500000000000000e-01,-2.485231757164001465e-01
3.125000000000000000e-02,8.125000000000000000e-01,1.365747451782226562e-01
9.375000000000000000e-01,5.000000000000000000e-01,-2.407349944114685059e-01
2.187500000000000000e-01,4.375000000000000000e-01,-5.851268768310546875e-03
5.937500000000000000e-01,3.437500000000000000e-01,-2.562165260314941406e-03
8.437500000000000000e-01,9.687500000000000000e-01,-3.922097682952880859e-01
2.812500000000000000e-01,3.750000000000000000e-01,-1.360562443733215332e-01
7.500000000000000000e-01,4.062500000000000000e-01,-1.138656139373779297e-01
3.437500000000000000e-01,1.562500000000000000e-01,6.070375442504882812e-02
1.875000000000000000e-01,3.437500000000000000e-01,2.318346500396728516e-02
5.312500000000000000e-01,1.562500000000000000e-01,1.945073008537292480e-01
7.812500000000000000e-01,9.375000000000000000e-01,-2.925608158111572266e-01
9.687500000000000000e-01,7.812500000000000000e-01,-3.253543972969055176e-01
6.562500000000000000e-01,5.000000000000000000e-01,8.652234077453613281e-02
6.562500000000000000e-01,4.375000000000000000e-01,1.398229598999023438e-02
5.312500000000000000e-01,0.000000000000000000e+00,2.738281488418579102e-01
5.625000000000000000e-01,1.875000000000000000e-01,1.851767897605895996e-01
9.062500000000000000e-01,2.500000000000000000e-01,-2.115804553031921387e-01
9.062500000000000000e-01,1.875000000000000000e-01,-1.113028526306152344e-01
5.937500000000000000e-01,3.125000000000000000e-01,2.301090955734252930e-02
1.562500000000000000e-01,8.437500000000000000e-01,1.847982406616210938e-03
5.625000000000000000e-01,3.750000000000000000e-01,-3.387165069580078125e-02
7.187500000000000000e-01,8.437500000000000000e-01,-1.265309453010559082e-01
6.562500000000000000e-01,1.250000000000000000e-01,2.876867055892944336e-01
8.437500000000000000e-01,1.000000000000000000e+00,-3.911343812942504883e-01
9.062500000000000000e-01,0.000000000000000000e+00,9.557425975799560547e-03
4.062500000000000000e-01,4.687500000000000000e-01,-1.353309154510498047e-01
6.875000000000000000e-01,9.375000000000000000e-01,-1.643588542938232422e-01
9.375000000000000000e-01,5.625000000000000000e-01,-1.666667461395263672e-01
6.250000000000000000e-01,6.562500000000000000e-01,1.886673569679260254e-01
6.250000000000000000e-01,7.187500000000000000e-01,1.271483898162841797e-01
9.375000000000000000e-01,1.250000000000000000e-01,-5.262285470962524414e-02
5.625000000000000000e-01,2.500000000000000000e-01,8.642482757568359375e-02
2.500000000000000000e-01,1.000000000000000000e+00,-2.288177013397216797e-01
5.625000000000000000e-01,9.375000000000000000e-01,-1.695358157157897949e-01
3.437500000000000000e-01,2.500000000000000000e-01,-7.947814464569091797e-02
1.000000000000000000e+00,1.250000000000000000e-01,-6.893980503082275391e-02
8.125000000000000000e-01,7.812500000000000000e-01,-1.808511018753051758e-01
2.187500000000000000e-01,7.500000000000000000e-01,4.829382896423339844e-02
7.500000000000000000e-01,2.187500000000000000e-01,5.083012580871582031e-02
6.250000000000000000e-02,5.937500000000000000e-01,3.391748666763305664e-01
9.062500000000000000e-01,8.125000000000000000e-01,-3.416832089424133301e-01
3.125000000000000000e-01,6.250000000000000000e-01,2.837204933166503906e-02
0.000000000000000000e+00,9.062500000000000000e-01,3.680384159088134766e-02
6.562500000000000000e-01,5.937500000000000000e-01,1.822094917297363281e-01
1.562500000000000000e-01,9.375000000000000000e-01,-7.445704936981201172e-02
4.375000000000000000e-01,4.375000000000000000e-01,-1.461764574050903320e-01
7.500000000000000000e-01,3.125000000000000000e-02,2.272386550903320312e-01
2.500000000000000000e-01,9.375000000000000000e-02,2.310345172882080078e-01
2.812500000000000000e-01,4.687500000000000000e-01,-7.300853729248046875e-02
7.812500000000000000e-01,9.687500000000000000e-01,-2.976945638656616211e-01
7.500000000000000000e-01,8.437500000000000000e-01,-1.715950965881347656e-01
7.812500000000000000e-01,4.062500000000000000e-01,-1.632786989212036133e-01
5.312500000000000000e-01,1.250000000000000000e-01,2.286247611045837402e-01
7.812500000000000000e-01,5.937500000000000000e-01,2.976709604263305664e-02
9.375000000000000000e-01,5.937500000000000000e-01,-1.449790596961975098e-01
2.500000000000000000e-01,9.687500000000000000e-01,-2.292160987854003906e-01
5.937500000000000000e-01,5.937500000000000000e-01,1.817989349365234375e-01
9.687500000000000000e-01,2.812500000000000000e-01,-2.899572551250457764e-01
9.375000000000000000e-01,7.187500000000000000e-01,-2.160975933074951172e-01
1.875000000000000000e-01,4.687500000000000000e-01,7.923078536987304688e-02
1.875000000000000000e-01,9.062500000000000000e-01,-1.047540903091430664e-01
8.437500000000000000e-01,4.062500000000000000e-01,-2.557438611984252930e-01
3.437500000000000000e-01,9.375000000000000000e-01,-3.301864266395568848e-01
8.750000000000000000e-01,6.562500000000000000e-01,-1.022146940231323242e-01
1.562500000000000000e-01,9.062500000000000000e-01,-5.919921398162841797e-02
9.375000000000000000e-02,2.812500000000000000e-01,1.911797523498535156e-01
2.187500000000000000e-01,7.812500000000000000e-01,-1.852989196777343750e-03
5.312500000000000000e-01,7.812500000000000000e-01,-3.042340278625488281e-02
3.437500000000000000e-01,7.500000000000000000e-01,-1.108491420745849609e-01
7.500000000000000000e-01,1.250000000000000000e-01,1.806468367576599121e-01
9.687500000000000000e-01,6.562500000000000000e-01,-1.611667871475219727e-01
0.000000000000000000e+00,3.750000000000000000e-01,1.516355276107788086e-01
8.750000000000000000e-01,2.187500000000000000e-01,-1.321367621421813965e-01
7.187500000000000000e-01,9.687500000000000000e-01,-2.043543457984924316e-01
6.562500000000000000e-01,7.500000000000000000e-01,7.355332374572753906e-02
9.687500000000000000e-01,5.312500000000000000e-01,-2.114480733871459961e-01
1.000000000000000000e+00,3.125000000000000000e-01,-3.336045145988464355e-01
6.250000000000000000e-01,9.062500000000000000e-01,-1.225392818450927734e-01
4.687500000000000000e-01,9.687500000000000000e-01,-2.825433313846588135e-01
3.750000000000000000e-01,2.812500000000000000e-01,-1.335386037826538086e-01
1.000000000000000000e+00,4.062500000000000000e-01,-3.573979139328002930e-01
7.500000000000000000e-01,1.875000000000000000e-01,1.008487939834594727e-01
9.062500000000000000e-01,7.500000000000000000e-01,-2.435382008552551270e-01
5.000000000000000000e-01,1.250000000000000000e-01,1.889972686767578125e-01
2.187500000000000000e-01,4.687500000000000000e-01,2.794981002807617188e-02
7.812500000000000000e-01,1.250000000000000000e-01,1.296705603599548340e-01
3.125000000000000000e-02,7.812500000000000000e-01,1.862015724182128906e-01
2.500000000000000000e-01,6.875000000000000000e-01,7.939755916595458984e-02
3.750000000000000000e-01,9.062500000000000000e-01,-3.219448626041412354e-01
3.125000000000000000e-01,0.000000000000000000e+00,1.648862361907958984e-01
2.812500000000000000e-01,4.375000000000000000e-01,-1.065756678581237793e-01
7.812500000000000000e-01,8.437500000000000000e-01,-2.214334607124328613e-01
9.062500000000000000e-01,3.125000000000000000e-01,-2.961424887180328369e-01
3.125000000000000000e-01,8.437500000000000000e-01,-2.310230731964111328e-01
8.437500000000000000e-01,2.187500000000000000e-01,-9.457981586456298828e-02
2.812500000000000000e-01,5.312500000000000000e-01,5.549848079681396484e-03
9.062500000000000000e-01,5.937500000000000000e-01,-1.260868906974792480e-01
6.562500000000000000e-01,4.687500000000000000e-01,4.709452390670776367e-02
9.062500000000000000e-01,7.812500000000000000e-01,-2.936336398124694824e-01
4.375000000000000000e-01,1.250000000000000000e-01,1.160038113594055176e-01
7.500000000000000000e-01,5.937500000000000000e-01,7.867413759231567383e-02
4.375000000000000000e-01,9.375000000000000000e-02,1.397836804389953613e-01
3.125000000000000000e-01,8.125000000000000000e-01,-1.870969533920288086e-01
9.375000000000000000e-02,2.500000000000000000e-01,2.375877499580383301e-01
6.250000000000000000e-01,3.125000000000000000e-01,3.015881776809692383e-02
1.250000000000000000e-01,1.250000000000000000e-01,3.876051902770996094e-01
5.625000000000000000e-01,6.250000000000000000e-02,3.023476600646972656e-01
4.375000000000000000e-01,1.875000000000000000e-01,4.058432579040527344e-02
1.562500000000000000e-01,0.000000000000000000e+00,3.966691493988037109e-01
1.000000000000000000e+00,2.812500000000000000e-01,-2.956590354442596436e-01
2.500000000000000000e-01,8.125000000000000000e-01,-1.032329797744750977e-01
1.000000000000000000e+00,1.000000000000000000e+00,-4.958456158638000488e-01
7.187500000000000000e-01,8.125000000000000000e-01,-8.368426561355590820e-02
3.125000000000000000e-02,2.500000000000000000e-01,2.640618085861206055e-01
3.437500000000000000e-01,4.375000000000000000e-01,-1.691831946372985840e-01
5.937500000000000000e-01,6.875000000000000000e-01,1.563168168067932129e-01
1.250000000000000000e-01,6.875000000000000000e-01,2.669147253036499023e-01
8.125000000000000000e-01,4.687500000000000000e-01,-1.550348401069641113e-01
8.437500000000000000e-01,1.562500000000000000e-01,-1.202821731567382812e-03
8.750000000000000000e-01,9.062500000000000000e-01,-4.117126464843750000e-01
3.125000000000000000e-01,1.562500000000000000e-01,8.568942546844482422e-02
2.187500000000000000e-01,3.125000000000000000e-01,-2.398967742919921875e-03
4.687500000000000000e-01,1.000000000000000000e+00,-2.826904952526092529e-01
2.812500000000000000e-01,6.250000000000000000e-01,6.595182418823242188e-02
1.250000000000000000e-01,1.000000000000000000e+00,-4.435628652572631836e-02
5.937500000000000000e-01,3.125000000000000000e-02,3.330103158950805664e-01
6.250000000000000000e-02,6.250000000000000000e-01,3.460462093353271484e-01
6.875000000000000000e-01,7.500000000000000000e-01,5.064970254898071289e-02
8.750000000000000000e-01,3.437500000000000000e-01,-2.920534014701843262e-01
2.500000000000000000e-01,9.062500000000000000e-01,-2.079503536224365234e-01
5.625000000000000000e-01,8.125000000000000000e-01,-4.833364486694335938e-02
6.250000000000000000e-01,1.000000000000000000e+00,-1.426838636398315430e-01
5.000000000000000000e-01,9.375000000000000000e-01,-2.389110922813415527e-01
3.125000000000000000e-01,9.375000000000000000e-01,-3.071495294570922852e-01
1.250000000000000000e-01,4.687500000000000000e-01,1.608673334121704102e-01
3.750000000000000000e-01,5.625000000000000000e-01,-3.134703636169433594e-02
2.812500000000000000e-01,6.875000000000000000e-01,3.186464309692382812e-02
5.625000000000000000e-01,0.000000000000000000e+00,3.088198900222778320e-01
6.562500000000000000e-01,2.187500000000000000e-01,1.583659052848815918e-01
8.750000000000000000e-01,2.812500000000000000e-01,-2.298290133476257324e-01
3.125000000000000000e-01,9.062500000000000000e-01,-2.919855117797851562e-01
3.437500000000000000e-01,4.062500000000000000e-01,-1.912307739257812500e-01
1.875000000000000000e-01,7.500000000000000000e-01,9.990346431732177734e-02
4.687500000000000000e-01,2.500000000000000000e-01,-2.304220199584960938e-02
7.812500000000000000e-01,6.562500000000000000e-01,2.796047925949096680e-02
8.125000000000000000e-01,5.312500000000000000e-01,-7.465267181396484375e-02
7.500000000000000000e-01,9.375000000000000000e-01,-2.432787418365478516e-01
8.750000000000000000e-01,4.375000000000000000e-01,-2.692010402679443359e-01
5.625000000000000000e-01,4.375000000000000000e-01,-6.299316883087158203e-03
3.750000000000000000e-01,6.562500000000000000e-01,-1.093941926956176758e-02
7.187500000000000000e-01,1.875000000000000000e-01,1.472176313400268555e-01
8.437500000000000000e-01,6.250000000000000000e-02,7.235223054885864258e-02
6.250000000000000000e-01,5.000000000000000000e-01,9.456998109817504883e-02
8.125000000000000000e-01,1.875000000000000000e-01,2.446770668029785156e-04
2.812500000000000000e-01,7.500000000000000000e-01,-5.132788419723510742e-02
3.125000000000000000e-02,3.125000000000000000e-01,1.798283457756042480e-01
9.375000000000000000e-02,3.125000000000000000e-01,1.536350250244140625e-01
3.437500000000000000e-01,2.187500000000000000e-01,-2.982449531555175781e-02
3.437500000000000000e-01,4.687500000000000000e-01,-1.357120275497436523e-01
2.500000000000000000e-01,0.000000000000000000e+00,2.514194250106811523e-01
1.562500000000000000e-01,3.125000000000000000e-01,9.206378459930419922e-02
9.062500000000000000e-01,1.562500000000000000e-01,-6.770169734954833984e-02
8.750000000000000000e-01,2.500000000000000000e-01,-1.829516291618347168e-01
6.250000000000000000e-01,6.875000000000000000e-01,1.643971800804138184e-01
8.125000000000000000e-01,1.562500000000000000e-01,4.420912265777587891e-02
1.562500000000000000e-01,5.625000000000000000e-01,2.361974716186523438e-01
9.375000000000000000e-02,1.000000000000000000e+00,-1.787710189819335938e-02
5.000000000000000000e-01,1.000000000000000000e+00,-2.456248402595520020e-01
6.250000000000000000e-01,8.750000000000000000e-01,-9.743076562881469727e-02
6.875000000000000000e-01,1.562500000000000000e-01,2.286422848701477051e-01
4.375000000000000000e-01,5.312500000000000000e-01,-3.414827585220336914e-02
7.812500000000000000e-01,3.750000000000000000e-01,-1.707069277763366699e-01
5.625000000000000000e-01,3.125000000000000000e-01,1.628041267395019531e-03
1.250000000000000000e-01,8.750000000000000000e-01,3.028512001037597656e-03
0.000000000000000000e+00,4.687500000000000000e-01,2.184478044509887695e-01
5.312500000000000000e-01,3.750000000000000000e-01,-6.578052043914794922e-02
9.687500000000000000e-01,0.000000000000000000e+00,-2.106285095214843750e-02
5.625000000000000000e-01,8.437500000000000000e-01,-9.264659881591796875e-02
6.250000000000000000e-02,4.062500000000000000e-01,1.463952064514160156e-01
1.875000000000000000e-01,5.625000000000000000e-01,1.905370354652404785e-01
9.375000000000000000e-01,4.687500000000000000e-01,-2.814791500568389893e-01
3.750000000000000000e-01,6.250000000000000000e-01,-2.157807350158691406e-03
3.125000000000000000e-02,6.250000000000000000e-01,3.562633991241455078e-01
9.375000000000000000e-01,4.062500000000000000e-01,-3.398424983024597168e-01
5.000000000000000000e-01,8.437500000000000000e-01,-1.611170768737792969e-01
1.000000000000000000e+00,4.375000000000000000e-01,-3.335584998130798340e-01
9.062500000000000000e-01,3.437500000000000000e-01,-3.204673528671264648e-01
9.375000000000000000e-01,9.375000000000000000e-02,-2.850532531738281250e-02
7.187500000000000000e-01,4.062500000000000000e-01,-6.833654642105102539e-02
8.125000000000000000e-01,8.125000000000000000e-01,-2.289049029350280762e-01
2.812500000000000000e-01,5.000000000000000000e-01,-3.355127573013305664e-02
1.250000000000000000e-01,7.500000000000000000e-01,1.828976869583129883e-01
1.562500000000000000e-01,1.875000000000000000e-01,2.747020721435546875e-01
1.000000000000000000e+00,4.687500000000000000e-01,-2.983647286891937256e-01
3.125000000000000000e-01,6.250000000000000000e-02,1.589300036430358887e-01
5.937500000000000000e-01,9.375000000000000000e-01,-1.468373537063598633e-01
1.250000000000000000e-01,6.250000000000000000e-02,4.268783330917358398e-01
9.062500000000000000e-01,8.437500000000000000e-01,-3.838233351707458496e-01
1.250000000000000000e-01,4.375000000000000000e-01,1.265614032745361328e-01
1.000000000000000000e+00,2.187500000000000000e-01,-1.972469091415405273e-01
0.000000000000000000e+00,5.937500000000000000e-01,3.545756340026855469e-01
2.500000000000000000e-01,7.812500000000000000e-01,-5.407631397247314453e-02
2.500000000000000000e-01,7.187500000000000000e-01,4.202234745025634766e-02
8.125000000000000000e-01,9.687500000000000000e-01,-3.469998836517333984e-01
6.562500000000000000e-01,6.250000000000000000e-02,3.286085128784179688e-01
9.687500000000000000e-01,9.687500000000000000e-01,-4.911143779754638672e-01
6.250000000000000000e-02,2.187500000000000000e-01,3.046326637268066406e-01
7.187500000000000000e-01,5.312500000000000000e-01,6.696909666061401367e-02
1.250000000000000000e-01,2.812500000000000000e-01,1.652187108993530273e-01
6.562500000000000000e-01,4.062500000000000000e-01,-7.615923881530761719e-03
2.187500000000000000e-01,0.000000000000000000e+00,3.026462793350219727e-01
8.125000000000000000e-01,2.500000000000000000e-01,-1.005535721778869629e-01
4.375000000000000000e-01,9.062500000000000000e-01,-2.916645705699920654e-01
6.875000000000000000e-01,6.250000000000000000e-01,1.670240163803100586e-01
7.187500000000000000e-01,6.250000000000000000e-01,1.311624050140380859e-01
4.062500000000000000e-01,6.562500000000000000e-01,-2.096831798553466797e-03
3.437500000000000000e-01,3.750000000000000000e-01,-1.982172727584838867e-01
2.500000000000000000e-01,6.562500000000000000e-01,1.041623353958129883e-01
2.500000000000000000e-01,6.250000000000000000e-02,2.457600831985473633e-01
6.875000000000000000e-01,0.000000000000000000e+00,3.117711544036865234e-01
6.875000000000000000e-01,7.812500000000000000e-01,7.947087287902832031e-04
9.687500000000000000e-01,3.125000000000000000e-02,-2.037459611892700195e-02
7.187500000000000000e-01,3.125000000000000000e-01,-4.022490978240966797e-02
9.375000000000000000e-01,1.562500000000000000e-01,-8.719825744628906250e-02
9.687500000000000000e-01,4.062500000000000000e-01,-3.515797853469848633e-01
5.000000000000000000e-01,5.000000000000000000e-01,-3.700554370880126953e-03
6.250000000000000000e-01,4.062500000000000000e-01,9.589195251464843750e-04
9.375000000000000000e-02,8.750000000000000000e-01,2.985882759094238281e-02
9.375000000000000000e-01,9.375000000000000000e-01,-4.743511676788330078e-01
5.312500000000000000e-01,6.875000000000000000e-01,1.028584241867065430e-01
3.437500000000000000e-01,9.375000000000000000e-02,1.188392043113708496e-01
7.500000000000000000e-01,4.375000000000000000e-01,-9.161514043807983398e-02
6.250000000000000000e-02,9.687500000000000000e-01,-4.011392593383789062e-04
7.187500000000000000e-01,2.187500000000000000e-01,9.717482328414916992e-02
5.937500000000000000e-01,1.250000000000000000e-01,2.860878705978393555e-01
1.000000000000000000e+00,7.500000000000000000e-01,-2.807394266128540039e-01
4.062500000000000000e-01,2.500000000000000000e-01,-7.900583744049072266e-02
1.875000000000000000e-01,8.437500000000000000e-01,-4.380393028259277344e-02
2.500000000000000000e-01,1.250000000000000000e-01,2.065348625183105469e-01
9.062500000000000000e-01,9.375000000000000000e-02,-8.969008922576904297e-03
6.875000000000000000e-01,5.312500000000000000e-01,1.029787063598632812e-01
8.437500000000000000e-01,7.812500000000000000e-01,-2.263327240943908691e-01
5.312500000000000000e-01,8.750000000000000000e-01,-1.604017019271850586e-01
5.312500000000000000e-01,6.250000000000000000e-02,2.676899433135986328e-01
3.437500000000000000e-01,1.250000000000000000e-01,9.465003013610839844e-02
9.375000000000000000e-02,5.937500000000000000e-01,3.214582204818725586e-01
5.625000000000000000e-01,3.125000000000000000e-02,3.088743686676025391e-01
9.375000000000000000e-02,2.187500000000000000e-01,2.876749038696289062e-01
1.000000000000000000e+00,5.625000000000000000e-01,-1.827298402786254883e-01
7.187500000000000000e-01,1.562500000000000000e-01,1.915774941444396973e-01
5.937500000000000000e-01,5.000000000000000000e-01,8.697152137756347656e-02
1.250000000000000000e-01,5.000000000000000000e-01,2.007915973663330078e-01
2.500000000000000000e-01,5.625000000000000000e-01,8.632051944732666016e-02
7.187500000000000000e-01,5.937500000000000000e-01,1.234749555587768555e-01
1.000000000000000000e+00,8.437500000000000000e-01,-4.205843210220336914e-01
4.062500000000000000e-01,3.125000000000000000e-02,1.375927925109863281e-01
5.625000000000000000e-01,8.750000000000000000e-01,-1.285459399223327637e-01
5.625000000000000000e-01,9.687500000000000000e-01,-1.758735775947570801e-01
8.750000000000000000e-01,4.062500000000000000e-01,-2.923511564731597900e-01
8.125000000000000000e-01,2.812500000000000000e-01,-1.476922631263732910e-01
5.312500000000000000e-01,6.250000000000000000e-01,1.356817483901977539e-01
5.625000000000000000e-01,1.250000000000000000e-01,2.626839876174926758e-01
6.250000000000000000e-02,2.812500000000000000e-01,2.080360651016235352e-01
8.750000000000000000e-01,3.125000000000000000e-02,3.947311639785766602e-02
9.062500000000000000e-01,5.312500000000000000e-01,-1.815514564514160156e-01
1.000000000000000000e+00,9.375000000000000000e-02,-4.484671354293823242e-02
0.000000000000000000e+00,9.375000000000000000e-02,4.696635007858276367e-01
3.750000000000000000e-01,8.125000000000000000e-01,-2.163246870040893555e-01
1.875000000000000000e-01,3.125000000000000000e-01,4.778826236724853516e-02
3.437500000000000000e-01,1.875000000000000000e-01,1.827675104141235352e-02
4.687500000000000000e-01,1.875000000000000000e-01,7.394498586654663086e-02
6.250000000000000000e-01,7.500000000000000000e-01,8.101212978363037109e-02
3.125000000000000000e-01,9.375000000000000000e-02,1.442279815673828125e-01
5.937500000000000000e-01,8.437500000000000000e-01,-7.069575786590576172e-02
6.875000000000000000e-01,4.375000000000000000e-01,-9.754002094268798828e-03
1.875000000000000000e-01,7.812500000000000000e-01,4.964673519134521484e-02
6.250000000000000000e-01,2.812500000000000000e-01,6.865435838699340820e-02
6.875000000000000000e-01,3.750000000000000000e-01,-3.828865289688110352e-02
7.812500000000000000e-01,4.687500000000000000e-01,-1.068702936172485352e-01
7.187500000000000000e-01,3.750000000000000000e-01,-7.528179883956909180e-02
4.375000000000000000e-01,5.000000000000000000e-01,-7.360863685607910156e-02
6.875000000000000000e-01,1.875000000000000000e-01,1.843468546867370605e-01
1.562500000000000000e-01,2.187500000000000000e-01,2.260922193527221680e-01
2.187500000000000000e-01,5.625000000000000000e-01,1.389981508255004883e-01
4.062500000000000000e-01,6.250000000000000000e-01,6.538987159729003906e-03
3.125000000000000000e-02,8.750000000000000000e-01,5.711829662322998047e-02
6.250000000000000000e-02,3.125000000000000000e-01,1.704428195953369141e-01
3.437500000000000000e-01,6.562500000000000000e-01,-3.968715667724609375e-03
5.000000000000000000e-01,9.062500000000000000e-01,-2.232602834701538086e-01
8.750000000000000000e-01,8.750000000000000000e-01,-3.882146477699279785e-01
5.000000000000000000e-01,5.625000000000000000e-01,6.886065006256103516e-02
5.937500000000000000e-01,4.375000000000000000e-01,1.505517959594726562e-02
2.812500000000000000e-01,9.375000000000000000e-02,1.831363439559936523e-01
7.187500000000000000e-01,2.812500000000000000e-01,-1.643478870391845703e-03
1.000000000000000000e+00,3.437500000000000000e-01,-3.579733967781066895e-01
6.562500000000000000e-01,5.312500000000000000e-01,1.261301040649414062e-01
2.812500000000000000e-01,3.125000000000000000e-02,2.041280269622802734e-01
2.500000000000000000e-01,4.062500000000000000e-01,-8.077526092529296875e-02
9.062500000000000000e-01,1.250000000000000000e-01,-3.312140703201293945e-02
9.687500000000000000e-01,9.375000000000000000e-02,-3.975605964660644531e-02
5.937500000000000000e-01,9.062500000000000000e-01,-1.317614912986755371e-01
8.437500000000000000e-01,8.125000000000000000e-01,-2.743818163871765137e-01
9.375000000000000000e-02,9.375000000000000000e-01,-1.096427440643310547e-02
5.000000000000000000e-01,4.687500000000000000e-01,-4.284268617630004883e-02
6.562500000000000000e-01,3.125000000000000000e-02,3.354009389877319336e-01
6.562500000000000000e-01,6.875000000000000000e-01,1.569259166717529297e-01
8.125000000000000000e-01,6.875000000000000000e-01,-4.624927043914794922e-02
2.812500000000000000e-01,2.812500000000000000e-01,-6.363254785537719727e-02
1.875000000000000000e-01,3.125000000000000000e-02,3.530557155609130859e-01
4.375000000000000000e-01,2.812500000000000000e-01,-1.021578907966613770e-01
6.250000000000000000e-01,5.625000000000000000e-01,1.674804687500000000e-01
9.687500000000000000e-01,8.750000000000000000e-01,-4.488595128059387207e-01
6.875000000000000000e-01,8.750000000000000000e-01,-1.256382465362548828e-01
9.687500000000000000e-01,2.187500000000000000e-01,-1.918971538543701172e-01
5.000000000000000000e-01,3.125000000000000000e-01,-6.840378046035766602e-02
9.062500000000000000e-01,6.250000000000000000e-02,5.029439926147460938e-03
3.125000000000000000e-01,4.062500000000000000e-01,-1.670917868614196777e-01
5.625000000000000000e-01,6.875000000000000000e-01,1.346050500869750977e-01
0.000000000000000000e+00,6.250000000000000000e-02,4.847425222396850586e-01
9.687500000000000000e-01,9.375000000000000000e-01,-4.860062003135681152e-01
3.125000000000000000e-01,1.250000000000000000e-01,1.198576688766479492e-01
7.812500000000000000e-01,3.125000000000000000e-02,1.754614114761352539e-01
5.937500000000000000e-01,3.750000000000000000e-01,-1.259255409240722656e-02
0.000000000000000000e+00,3.125000000000000000e-02,4.915739297866821289e-01
5.312500000000000000e-01,7.187500000000000000e-01,6.579053401947021484e-02
8.125000000000000000e-01,3.125000000000000000e-01,-1.857969760894775391e-01
7.187500000000000000e-01,9.375000000000000000e-02,2.525963783264160156e-01
3.437500000000000000e-01,8.750000000000000000e-01,-2.893327474594116211e-01
1.562500000000000000e-01,9.375000000000000000e-02,3.764441013336181641e-01
4.687500000000000000e-01,5.312500000000000000e-01,-1.895785331726074219e-03
4.687500000000000000e-01,1.250000000000000000e-01,1.495413184165954590e-01
5.000000000000000000e-01,2.812500000000000000e-01,-3.058612346649169922e-02
7.812500000000000000e-01,2.187500000000000000e-01,3.128051757812500000e-04
8.437500000000000000e-01,6.250000000000000000e-01,-5.529236793518066406e-02
7.187500000000000000e-01,9.062500000000000000e-01,-1.849342584609985352e-01
6.875000000000000000e-01,8.437500000000000000e-01,-9.102517366409301758e-02
4.062500000000000000e-01,4.062500000000000000e-01,-1.904627084732055664e-01
9.062500000000000000e-01,9.375000000000000000e-01,-4.543973207473754883e-01
3.125000000000000000e-02,9.375000000000000000e-01,1.633727550506591797e-02
5.312500000000000000e-01,1.875000000000000000e-01,1.519065499305725098e-01
6.250000000000000000e-02,7.812500000000000000e-01,1.765897274017333984e-01
7.187500000000000000e-01,7.187500000000000000e-01,6.057208776473999023e-02
6.562500000000000000e-01,9.375000000000000000e-01,-1.431612372398376465e-01
8.750000000000000000e-01,3.750000000000000000e-01,-3.005033135414123535e-01
6.250000000000000000e-02,9.375000000000000000e-02,4.552937746047973633e-01
2.187500000000000000e-01,3.437500000000000000e-01,-2.719902992248535156e-02
6.250000000000000000e-02,8.750000000000000000e-01,4.727888107299804688e-02
9.687500000000000000e-01,5.000000000000000000e-01,-2.519493103027343750e-01
5.312500000000000000e-01,3.437500000000000000e-01,-5.582857131958007812e-02
4.375000000000000000e-01,3.750000000000000000e-01,-1.745338439941406250e-01
7.500000000000000000e-01,0.000000000000000000e+00,2.267227172851562500e-01
5.625000000000000000e-01,6.250000000000000000e-01,1.675324440002441406e-01
6.250000000000000000e-01,3.750000000000000000e-01,-5.459070205688476562e-03
5.000000000000000000e-01,3.437500000000000000e-01,-9.365892410278320312e-02
1.875000000000000000e-01,2.187500000000000000e-01,1.820091009140014648e-01
3.125000000000000000e-01,6.875000000000000000e-01,-5.309939384460449219e-03
1.562500000000000000e-01,4.687500000000000000e-01,1.244986653327941895e-01
6.250000000000000000e-01,5.937500000000000000e-01,1.897858381271362305e-01
4.375000000000000000e-01,8.437500000000000000e-01,-2.295975685119628906e-01
5.937500000000000000e-01,6.562500000000000000e-01,1.805710792541503906e-01
2.187500000000000000e-01,1.000000000000000000e+00,-1.769611835479736328e-01
7.812500000000000000e-01,6.250000000000000000e-02,1.694592833518981934e-01
3.750000000000000000e-01,0.000000000000000000e+00,1.298731565475463867e-01
5.625000000000000000e-01,2.187500000000000000e-01,1.365317106246948242e-01
5.312500000000000000e-01,7.500000000000000000e-01,1.977014541625976562e-02
3.750000000000000000e-01,8.750000000000000000e-01,-2.962305247783660889e-01
6.250000000000000000e-01,9.375000000000000000e-01,-1.373522877693176270e-01
6.250000000000000000e-01,9.375000000000000000e-02,3.203240633010864258e-01
1.000000000000000000e+00,6.562500000000000000e-01,-1.663832664489746094e-01
7.500000000000000000e-01,6.250000000000000000e-01,8.625572919845581055e-02
2.812500000000000000e-01,7.187500000000000000e-01,-5.384981632232666016e-03
9.687500000000000000e-01,6.875000000000000000e-01,-1.881720423698425293e-01
5.000000000000000000e-01,6.875000000000000000e-01,6.576675176620483398e-02
4.062500000000000000e-01,5.000000000000000000e-01,-9.582459926605224609e-02
8.125000000000000000e-01,6.250000000000000000e-02,1.184903979301452637e-01
3.437500000000000000e-01,1.000000000000000000e+00,-3.364633321762084961e-01
6.250000000000000000e-02,9.375000000000000000e-01,6.458520889282226562e-03
4.062500000000000000e-01,9.062500000000000000e-01,-3.134833276271820068e-01
5.625000000000000000e-01,5.312500000000000000e-01,1.047108173370361328e-01
3.125000000000000000e-01,2.187500000000000000e-01,-5.331397056579589844e-03
8.750000000000000000e-01,9.687500000000000000e-01,-4.302538037300109863e-01
5.937500000000000000e-01,5.625000000000000000e-01,1.596081256866455078e-01
8.437500000000000000e-01,3.125000000000000000e-02,7.791280746459960938e-02
4.687500000000000000e-01,1.562500000000000000e-01,1.159729361534118652e-01
1.000000000000000000e+00,6.250000000000000000e-02,-3.096193075180053711e-02
7.812500000000000000e-01,9.375000000000000000e-02,1.546517014503479004e-01
3.125000000000000000e-02,2.812500000000000000e-01,2.175145149230957031e-01
2.187500000000000000e-01,4.062500000000000000e-01,-2.848267555236816406e-02
4.062500000000000000e-01,9.375000000000000000e-01,-3.290903568267822266e-01
1.875000000000000000e-01,2.812500000000000000e-01,8.549427986145019531e-02
3.125000000000000000e-02,1.875000000000000000e-01,3.629018068313598633e-01
3.125000000000000000e-01,3.437500000000000000e-01,-1.647329330444335938e-01
2.812500000000000000e-01,8.750000000000000000e-01,-2.297366857528686523e-01
7.187500000000000000e-01,6.562500000000000000e-01,1.224265694618225098e-01
6.562500000000000000e-01,5.625000000000000000e-01,1.597708463668823242e-01
8.125000000000000000e-01,9.062500000000000000e-01,-3.283607959747314453e-01
4.375000000000000000e-01,9.375000000000000000e-01,-3.073620498180389404e-01
1.562500000000000000e-01,5.937500000000000000e-01,2.574313879013061523e-01
6.250000000000000000e-02,8.437500000000000000e-01,8.279871940612792969e-02
5.937500000000000000e-01,9.687500000000000000e-01,-1.529736518859863281e-01
1.250000000000000000e-01,3.750000000000000000e-01,9.501039981842041016e-02
9.375000000000000000e-01,8.125000000000000000e-01,-3.616378903388977051e-01
3.125000000000000000e-02,8.437500000000000000e-01,9.251946210861206055e-02
4.062500000000000000e-01,7.812500000000000000e-01,-1.582639813423156738e-01
6.250000000000000000e-01,4.375000000000000000e-01,2.238970994949340820e-02
2.812500000000000000e-01,1.562500000000000000e-01,1.243376135826110840e-01
6.875000000000000000e-01,6.562500000000000000e-01,1.583668589591979980e-01
2.500000000000000000e-01,7.500000000000000000e-01,-4.039764404296875000e-03
9.062500000000000000e-01,3.125000000000000000e-02,1.043587923049926758e-02
7.500000000000000000e-01,9.375000000000000000e-02,2.058788537979125977e-01
5.000000000000000000e-01,6.250000000000000000e-01,9.844821691513061523e-02
0.000000000000000000e+00,1.562500000000000000e-01,4.107749462127685547e-01
9.375000000000000000e-02,5.312500000000000000e-01,2.669000625610351562e-01
6.562500000000000000e-01,1.875000000000000000e-01,2.081090211868286133e-01
3.125000000000000000e-02,6.875000000000000000e-01,3.218914270401000977e-01
7.500000000000000000e-01,1.562500000000000000e-01,1.451537609100341797e-01
3.750000000000000000e-01,9.687500000000000000e-01,-3.439769148826599121e-01
7.812500000000000000e-01,1.562500000000000000e-01,9.437638521194458008e-02
9.687500000000000000e-01,5.625000000000000000e-01,-1.776846051216125488e-01
5.312500000000000000e-01,9.687500000000000000e-01,-2.083094120025634766e-01
9.687500000000000000e-01,1.562500000000000000e-01,-9.849411249160766602e-02
3.125000000000000000e-02,5.000000000000000000e-01,2.542585134506225586e-01
5.000000000000000000e-01,6.250000000000000000e-02,2.275302410125732422e-01
9.062500000000000000e-01,2.187500000000000000e-01,-1.607776880264282227e-01
1.000000000000000000e+00,6.875000000000000000e-01,-1.935290694236755371e-01
4.687500000000000000e-01,2.187500000000000000e-01,2.624207735061645508e-02
6.562500000000000000e-01,7.812500000000000000e-01,2.356243133544921875e-02
9.687500000000000000e-01,8.437500000000000000e-01,-4.153300523757934570e-01
4.687500000000000000e-01,6.875000000000000000e-01,2.853769063949584961e-02
4.062500000000000000e-01,1.250000000000000000e-01,9.347230195999145508e-02
5.000000000000000000e-01,3.750000000000000000e-01,-1.035168170928955078e-01
4.375000000000000000e-01,7.500000000000000000e-01,-8.609479665756225586e-02
7.500000000000000000e-01,2.500000000000000000e-01,-4.729032516479492188e-04
4.062500000000000000e-01,1.562500000000000000e-01,5.993342399597167969e-02
0.000000000000000000e+00,2.500000000000000000e-01,2.690323591232299805e-01
1.562500000000000000e-01,8.125000000000000000e-01,4.600685834884643555e-02
9.375000000000000000e-01,3.750000000000000000e-01,-3.483432531356811523e-01
5.937500000000000000e-01,1.875000000000000000e-01,2.077788710594177246e-01
5.625000000000000000e-01,4.687500000000000000e-01,2.644771337509155273e-02
5.000000000000000000e-01,7.187500000000000000e-01,2.881401777267456055e-02
1.000000000000000000e+00,6.250000000000000000e-01,-1.551684141159057617e-01
2.812500000000000000e-01,2.500000000000000000e-01,-1.708328723907470703e-02
9.375000000000000000e-02,6.875000000000000000e-01,2.941170930862426758e-01
3.750000000000000000e-01,3.437500000000000000e-01,-1.963576078414916992e-01
4.375000000000000000e-01,1.000000000000000000e+00,-3.142981231212615967e-01
9.375000000000000000e-01,3.437500000000000000e-01,-3.401630520820617676e-01
5.312500000000000000e-01,5.312500000000000000e-01,7.289564609527587891e-02
4.062500000000000000e-01,8.750000000000000000e-01,-2.876142561435699463e-01
4.062500000000000000e-01,1.000000000000000000e+00,-3.359060287475585938e-01
1.250000000000000000e-01,8.437500000000000000e-01,3.865993022918701172e-02
5.625000000000000000e-01,7.187500000000000000e-01,9.744375944137573242e-02
3.437500000000000000e-01,0.000000000000000000e+00,1.393164396286010742e-01
3.437500000000000000e-01,3.125000000000000000e-02,1.396139860153198242e-01
4.375000000000000000e-01,3.125000000000000000e-02,1.599876880645751953e-01
2.500000000000000000e-01,3.125000000000000000e-02,2.519252300262451172e-01
4.687500000000000000e-01,6.562500000000000000e-01,5.251467227935791016e-02
3.125000000000000000e-02,6.250000000000000000e-02,4.798595905303955078e-01
9.687500000000000000e-01,1.250000000000000000e-01,-6.387501955032348633e-02
3.125000000000000000e-02,2.187500000000000000e-01,3.142341375350952148e-01
5.312500000000000000e-01,9.375000000000000000e-01,-2.017851471900939941e-01
7.812500000000000000e-01,0.000000000000000000e+00,1.747426390647888184e-01
3.125000000000000000e-02,5.937500000000000000e-01,3.493293523788452148e-01
8.750000000000000000e-01,9.375000000000000000e-01,-4.252303838729858398e-01
8.437500000000000000e-01,0.000000000000000000e+00,7.695633172988891602e-02
4.062500000000000000e-01,7.500000000000000000e-01,-1.084507703781127930e-01
3.750000000000000000e-01,5.312500000000000000e-01,-6.460791826248168945e-02
3.125000000000000000e-01,1.875000000000000000e-01,4.301738739013671875e-02
1.875000000000000000e-01,6.562500000000000000e-01,2.084487676620483398e-01
2.812500000000000000e-01,3.125000000000000000e-01,-1.016265749931335449e-01
3.437500000000000000e-01,9.687500000000000000e-01,-3.366060256958007812e-01
6.562500000000000000e-01,8.125000000000000000e-01,-2.534294128417968750e-02
5.937500000000000000e-01,6.250000000000000000e-01,1.892824769020080566e-01
7.812500000000000000e-01,4.375000000000000000e-01,-1.407961845397949219e-01
4.062500000000000000e-01,6.875000000000000000e-01,-2.606314420700073242e-02
2.812500000000000000e-01,1.250000000000000000e-01,1.586598157882690430e-01
7.187500000000000000e-01,7.500000000000000000e-01,1.447021961212158203e-02
6.562500000000000000e-01,1.000000000000000000e+00,-1.481727957725524902e-01
3.750000000000000000e-01,4.062500000000000000e-01,-1.989948749542236328e-01
4.687500000000000000e-01,0.000000000000000000e+00,1.932935118675231934e-01
2.187500000000000000e-01,8.125000000000000000e-01,-5.110865831375122070e-02
2.812500000000000000e-01,8.125000000000000000e-01,-1.503387093544006348e-01
6.562500000000000000e-01,6.250000000000000000e-01,1.898587942123413086e-01
5.937500000000000000e-01,4.062500000000000000e-01,-6.260395050048828125e-03
1.000000000000000000e+00,0.000000000000000000e+00,-2.631545066833496094e-02
6.250000000000000000e-02,1.000000000000000000e+00,-7.973909378051757812e-04
6.875000000000000000e-01,4.687500000000000000e-01,2.356523275375366211e-02
0.000000000000000000e+00,4.062500000000000000e-01,1.600996255874633789e-01
6.875000000000000000e-01,1.250000000000000000e-01,2.642461061477661133e-01
7.187500000000000000e-01,0.000000000000000000e+00,2.741283178329467773e-01
6.250000000000000000e-01,1.562500000000000000e-01,2.598377466201782227e-01
9.687500000000000000e-01,1.875000000000000000e-01,-1.422230601310729980e-01
8.437500000000000000e-01,3.437500000000000000e-01,-2.550122737884521484e-01
3.750000000000000000e-01,2.187500000000000000e-01,-3.802090883255004883e-02
6.250000000000000000e-02,1.562500000000000000e-01,3.962699174880981445e-01
6.875000000000000000e-01,3.437500000000000000e-01,-2.850389480590820312e-02
9.375000000000000000e-02,5.000000000000000000e-01,2.273825407028198242e-01
1.000000000000000000e+00,1.562500000000000000e-01,-1.035923957824707031e-01
2.187500000000000000e-01,5.312500000000000000e-01,1.064988970756530762e-01
0.000000000000000000e+00,7.812500000000000000e-01,1.907862424850463867e-01
1.562500000000000000e-01,3.437500000000000000e-01,6.762528419494628906e-02
3.125000000000000000e-01,7.187500000000000000e-01,-4.240107536315917969e-02
5.312500000000000000e-01,2.187500000000000000e-01,1.036534905433654785e-01
7.812500000000000000e-01,2.812500000000000000e-01,-9.818512201309204102e-02
9.375000000000000000e-01,1.875000000000000000e-01,-1.308345794677734375e-01
6.250000000000000000e-01,2.500000000000000000e-01,1.158027052879333496e-01
9.375000000000000000e-02,7.187500000000000000e-01,2.564402818679809570e-01
5.937500000000000000e-01,7.812500000000000000e-01,2.275151014328002930e-02
8.750000000000000000e-01,7.500000000000000000e-01,-2.144270539283752441e-01
9.375000000000000000e-02,4.687500000000000000e-01,1.873215436935424805e-01
7.812500000000000000e-01,1.000000000000000000e+00,-2.966493964195251465e-01
9.687500000000000000e-01,6.250000000000000000e-02,-2.580499649047851562e-02
2.187500000000000000e-01,1.562500000000000000e-01,2.236624956130981445e-01
2.187500000000000000e-01,5.937500000000000000e-01,1.600310802459716797e-01
4.687500000000000000e-01,9.375000000000000000e-01,-2.757904529571533203e-01
9.375000000000000000e-01,2.500000000000000000e-01,-2.312534451484680176e-01
1.000000000000000000e+00,8.750000000000000000e-01,-4.541304111480712891e-01
5.625000000000000000e-01,5.625000000000000000e-01,1.379753351211547852e-01
2.187500000000000000e-01,9.375000000000000000e-01,-1.710582375526428223e-01
9.375000000000000000e-01,2.187500000000000000e-01,-1.803751587867736816e-01
9.687500000000000000e-01,6.250000000000000000e-01,-1.500786542892456055e-01
2.187500000000000000e-01,1.250000000000000000e-01,2.580430507659912109e-01
9.375000000000000000e-01,9.062500000000000000e-01,-4.608010053634643555e-01
0.000000000000000000e+00,6.875000000000000000e-01,3.269180059432983398e-01
7.812500000000000000e-01,6.250000000000000000e-01,3.714847564697265625e-02
2.187500000000000000e-01,2.812500000000000000e-01,3.544133901596069336e-02
1.562500000000000000e-01,7.187500000000000000e-01,1.921774744987487793e-01
9.687500000000000000e-01,4.687500000000000000e-01,-2.928686738014221191e-01
1.562500000000000000e-01,3.125000000000000000e-02,3.972300291061401367e-01
6.875000000000000000e-01,5.937500000000000000e-01,1.593210697174072266e-01
5.312500000000000000e-01,8.437500000000000000e-01,-1.243339180946350098e-01
5.312500000000000000e-01,6.562500000000000000e-01,1.270018815994262695e-01
7.500000000000000000e-01,2.812500000000000000e-01,-4.790335893630981445e-02
7.187500000000000000e-01,7.812500000000000000e-01,-3.527653217315673828e-02
3.437500000000000000e-01,3.125000000000000000e-01,-1.636004447937011719e-01
7.500000000000000000e-01,7.812500000000000000e-01,-8.079952001571655273e-02
3.125000000000000000e-01,9.687500000000000000e-01,-3.134398162364959717e-01
3.437500000000000000e-01,7.187500000000000000e-01,-6.514406204223632812e-02
9.062500000000000000e-01,6.562500000000000000e-01,-1.304677724838256836e-01
4.062500000000000000e-01,6.250000000000000000e-02,1.315994262695312500e-01
6.562500000000000000e-01,6.562500000000000000e-01,1.812080144882202148e-01
9.375000000000000000e-02,5.625000000000000000e-01,2.999064922332763672e-01
3.750000000000000000e-01,7.500000000000000000e-01,-1.174618005752563477e-01
7.500000000000000000e-01,6.562500000000000000e-01,7.734179496765136719e-02
3.125000000000000000e-02,1.562500000000000000e-01,4.058308601379394531e-01
2.812500000000000000e-01,8.437500000000000000e-01,-1.942490339279174805e-01
4.687500000000000000e-01,7.500000000000000000e-01,-5.409002304077148438e-02
8.437500000000000000e-01,4.375000000000000000e-01,-2.328079938888549805e-01
8.750000000000000000e-01,1.875000000000000000e-01,-8.264213800430297852e-02
1.562500000000000000e-01,3.750000000000000000e-01,5.914169549942016602e-02
7.500000000000000000e-01,3.125000000000000000e-01,-8.637142181396484375e-02
6.875000000000000000e-01,2.187500000000000000e-01,1.343952417373657227e-01
2.187500000000000000e-01,6.875000000000000000e-01,1.319100856781005859e-01
9.687500000000000000e-01,2.500000000000000000e-01,-2.429218292236328125e-01
4.687500000000000000e-01,4.375000000000000000e-01,-1.135432124137878418e-01
1.562500000000000000e-01,7.500000000000000000e-01,1.458420753479003906e-01
1.000000000000000000e+00,7.812500000000000000e-01,-3.307493925094604492e-01
3.125000000000000000e-02,9.375000000000000000e-02,4.648169279098510742e-01
8.750000000000000000e-01,5.000000000000000000e-01,-1.942797899246215820e-01
4.687500000000000000e-01,3.125000000000000000e-01,-1.067097783088684082e-01
3.125000000000000000e-02,9.687500000000000000e-01,9.337067604064941406e-03
7.500000000000000000e-01,4.687500000000000000e-01,-5.788052082061767578e-02
6.875000000000000000e-01,5.625000000000000000e-01,1.367728114128112793e-01
6.250000000000000000e-02,1.875000000000000000e-01,3.533042669296264648e-01
0.000000000000000000e+00,5.000000000000000000e-01,2.589775323867797852e-01
5.000000000000000000e-01,4.062500000000000000e-01,-9.709060192108154297e-02
3.125000000000000000e-02,7.500000000000000000e-01,2.370004653930664062e-01
7.500000000000000000e-01,8.750000000000000000e-01,-2.055735588073730469e-01
1.562500000000000000e-01,4.062500000000000000e-01,6.727671623229980469e-02
8.437500000000000000e-01,2.812500000000000000e-01,-1.924705505371093750e-01
5.625000000000000000e-01,4.062500000000000000e-01,-2.756589651107788086e-02
4.062500000000000000e-01,5.312500000000000000e-01,-5.632054805755615234e-02
5.000000000000000000e-01,6.562500000000000000e-01,8.982205390930175781e-02
1.000000000000000000e+00,3.125000000000000000e-02,-2.559810876846313477e-02
1.875000000000000000e-01,8.125000000000000000e-01,2.846717834472656250e-04
9.375000000000000000e-01,0.000000000000000000e+00,-9.889483451843261719e-03
3.437500000000000000e-01,2.812500000000000000e-01,-1.257470846176147461e-01
8.437500000000000000e-01,6.875000000000000000e-01,-9.098440408706665039e-02
1.000000000000000000e+00,9.375000000000000000e-01,-4.913981556892395020e-01
7.187500000000000000e-01,4.687500000000000000e-01,-1.278591156005859375e-02
3.750000000000000000e-01,8.437500000000000000e-01,-2.604166567325592041e-01
3.437500000000000000e-01,8.125000000000000000e-01,-2.096759080886840820e-01
4.375000000000000000e-01,2.500000000000000000e-01,-5.624496936798095703e-02
4.062500000000000000e-01,4.375000000000000000e-01,-1.686375737190246582e-01
6.250000000000000000e-02,6.875000000000000000e-01,3.118439912796020508e-01
1.250000000000000000e-01,3.125000000000000000e-02,4.331321716308593750e-01
2.187500000000000000e-01,3.750000000000000000e-01,-3.613746166229248047e-02
6.250000000000000000e-01,4.687500000000000000e-01,5.532324314117431641e-02
0.000000000000000000e+00,9.687500000000000000e-01,1.418566703796386719e-02
5.000000000000000000e-01,4.375000000000000000e-01,-7.570528984069824219e-02
7.500000000000000000e-01,6.875000000000000000e-01,5.268478393554687500e-02
9.687500000000000000e-01,3.437500000000000000e-01,-3.520678579807281494e-01
1.562500000000000000e-01,6.250000000000000000e-02,3.911170959472656250e-01
7.500000000000000000e-01,5.625000000000000000e-01,5.609941482543945312e-02
5.312500000000000000e-01,5.625000000000000000e-01,1.061438322067260742e-01
8.125000000000000000e-01,3.750000000000000000e-01,-2.195364236831665039e-01
0.000000000000000000e+00,6.250000000000000000e-01,3.615440130233764648e-01
7.187500000000000000e-01,4.375000000000000000e-01,-4.631519317626953125e-02
2.500000000000000000e-01,8.750000000000000000e-01,-1.826529502868652344e-01
7.812500000000000000e-01,8.750000000000000000e-01,-2.551990747451782227e-01
5.937500000000000000e-01,1.562500000000000000e-01,2.512022256851196289e-01
6.562500000000000000e-01,1.562500000000000000e-01,2.522152662277221680e-01
0.000000000000000000e+00,1.000000000000000000e+00,1.333951950073242188e-02
7.187500000000000000e-01,3.437500000000000000e-01,-6.567269563674926758e-02
8.750000000000000000e-01,7.187500000000000000e-01,-1.673303246498107910e-01
3.125000000000000000e-02,7.187500000000000000e-01,2.838901281356811523e-01
7.500000000000000000e-01,6.250000000000000000e-02,2.209690213203430176e-01
0.000000000000000000e+00,8.125000000000000000e-01,1.412092447280883789e-01
5.312500000000000000e-01,2.500000000000000000e-01,5.388927459716796875e-02
9.687500000000000000e-01,3.750000000000000000e-01,-3.601966202259063721e-01
5.000000000000000000e-01,7.812500000000000000e-01,-6.720238924026489258e-02
1.250000000000000000e-01,5.937500000000000000e-01,2.943990230560302734e-01
2.812500000000000000e-01,7.812500000000000000e-01,-1.012572646141052246e-01
9.375000000000000000e-02,3.437500000000000000e-01,1.293432712554931641e-01
3.437500000000000000e-01,5.625000000000000000e-01,-2.370786666870117188e-02
1.562500000000000000e-01,2.812500000000000000e-01,1.296601295471191406e-01
3.437500000000000000e-01,6.250000000000000000e-01,5.025386810302734375e-03
6.250000000000000000e-01,6.250000000000000000e-01,1.973501443862915039e-01
3.125000000000000000e-01,8.750000000000000000e-01,-2.665751576423645020e-01
1.250000000000000000e-01,6.562500000000000000e-01,2.916659116744995117e-01
9.062500000000000000e-01,7.187500000000000000e-01,-1.962449550628662109e-01
2.812500000000000000e-01,4.062500000000000000e-01,-1.288342475891113281e-01
6.250000000000000000e-01,1.250000000000000000e-01,2.950608730316162109e-01
9.687500000000000000e-01,8.125000000000000000e-01,-3.732827901840209961e-01
2.812500000000000000e-01,1.875000000000000000e-01,8.148562908172607422e-02
1.000000000000000000e+00,5.312500000000000000e-01,-2.165949344635009766e-01
6.250000000000000000e-01,3.125000000000000000e-02,3.425217866897583008e-01
9.375000000000000000e-02,7.812500000000000000e-01,1.592697501182556152e-01
4.062500000000000000e-01,2.812500000000000000e-01,-1.249626874923706055e-01
2.500000000000000000e-01,8.437500000000000000e-01,-1.471745967864990234e-01
8.750000000000000000e-01,1.250000000000000000e-01,-4.327178001403808594e-03
8.125000000000000000e-01,1.000000000000000000e+00,-3.459250926971435547e-01
6.250000000000000000e-02,7.500000000000000000e-01,2.272976636886596680e-01
6.875000000000000000e-01,6.875000000000000000e-01,1.340399384498596191e-01
3.125000000000000000e-01,5.937500000000000000e-01,2.162623405456542969e-02
6.250000000000000000e-01,7.812500000000000000e-01,3.089511394500732422e-02
7.812500000000000000e-01,3.125000000000000000e-01,-1.364847421646118164e-01
7.812500000000000000e-01,8.125000000000000000e-01,-1.790565848350524902e-01
4.375000000000000000e-01,1.562500000000000000e-01,8.252179622650146484e-02
3.125000000000000000e-02,5.625000000000000000e-01,3.274846076965332031e-01
5.937500000000000000e-01,6.250000000000000000e-02,3.263183832168579102e-01
9.062500000000000000e-01,3.750000000000000000e-01,-3.287537395954132080e-01
6.875000000000000000e-01,5.000000000000000000e-01,6.319057941436767578e-02
3.125000000000000000e-02,4.687500000000000000e-01,2.138973474502563477e-01
3.750000000000000000e-01,5.937500000000000000e-01,-9.402751922607421875e-03
6.562500000000000000e-01,9.062500000000000000e-01,-1.286185979843139648e-01
5.312500000000000000e-01,3.125000000000000000e-01,-3.045344352722167969e-02
8.125000000000000000e-01,2.187500000000000000e-01,-4.950511455535888672e-02
2.812500000000000000e-01,5.625000000000000000e-01,3.821468353271484375e-02
8.437500000000000000e-01,5.625000000000000000e-01,-8.421045541763305664e-02
5.000000000000000000e-01,8.750000000000000000e-01,-1.972693800926208496e-01
1.562500000000000000e-01,6.562500000000000000e-01,2.544674873352050781e-01
9.375000000000000000e-02,0.000000000000000000e+00,4.594292640686035156e-01
8.125000000000000000e-01,4.375000000000000000e-01,-1.891425251960754395e-01
5.000000000000000000e-01,3.125000000000000000e-02,2.336696386337280273e-01
9.375000000000000000e-02,1.250000000000000000e-01,4.137111902236938477e-01
1.250000000000000000e-01,7.812500000000000000e-01,1.324129104614257812e-01
3.125000000000000000e-02,6.562500000000000000e-01,3.468884229660034180e-01
8.125000000000000000e-01,5.937500000000000000e-01,-1.847404241561889648e-02
8.125000000000000000e-01,6.562500000000000000e-01,-2.090054750442504883e-02
5.937500000000000000e-01,0.000000000000000000e+00,3.330510854721069336e-01
1.250000000000000000e-01,6.250000000000000000e-01,3.010591268539428711e-01
5.625000000000000000e-01,9.375000000000000000e-02,2.873616218566894531e-01
9.375000000000000000e-01,3.125000000000000000e-01,-3.158847689628601074e-01
9.375000000000000000e-02,6.250000000000000000e-02,4.531612396240234375e-01
2.500000000000000000e-01,5.937500000000000000e-01,1.073944568634033203e-01
4.375000000000000000e-01,6.562500000000000000e-01,2.030009031295776367e-02
5.312500000000000000e-01,5.937500000000000000e-01,1.282444000244140625e-01
4.687500000000000000e-01,5.000000000000000000e-01,-4.126799106597900391e-02
4.687500000000000000e-01,6.250000000000000000e-01,6.109368801116943359e-02
8.437500000000000000e-01,5.312500000000000000e-01,-1.180058717727661133e-01
0.000000000000000000e+00,3.437500000000000000e-01,1.600004434585571289e-01
9.062500000000000000e-01,4.687500000000000000e-01,-2.624123692512512207e-01
